EntityKey,EntityLabel,ParentEntityKey,ParentEntityLabel,EntityName,EntityDescription,EntityType,StartDate,EndDate,Status,,,
1,1,NULL,NULL,Contoso North America,Contoso North America,Group,1996-07-31,NULL,Current,,,
2,2,NULL,NULL,Contoso Europe,Contoso Europe,Group,1997-02-26,NULL,Current,,,
3,3,NULL,NULL,Contoso Asia,Contoso Asia,Group,1997-12-12,NULL,Current,,,
4,101,1,North America,Contoso United States,Contoso United States,Country/Region,1998-01-05,NULL,Current,,,
5,215,2,Europe,Contoso UK,Contoso UK,Country/Region,2000-06-30,NULL,Current,,,
6,203,2,Europe,Contoso France,Contoso France,Country/Region,1998-01-11,NULL,Current,,,
7,208,2,Europe,Contoso Italy,Contoso Italy,Country/Region,1998-01-20,NULL,Current,,,
8,204,2,Europe,Contoso Germany,Contoso Germany,Country/Region,1999-08-16,NULL,Current,,,
9,206,2,Europe,Contoso the Netherlands,Contoso the Netherlands,Country/Region,1998-01-26,NULL,Current,,,
10,202,2,Europe,Contoso Denmark,Contoso Denmark,Country/Region,1998-02-06,NULL,Current,,,
11,214,2,Europe,Contoso Sweden,Contoso Sweden,Country/Region,1998-02-06,NULL,Current,,,
12,213,2,Europe,Contoso Spain,Contoso Spain,Country/Region,1998-02-07,NULL,Current,,,
13,212,2,Europe,Contoso Slovenia,Contoso Slovenia,Country/Region,1998-02-24,NULL,Current,,,
14,211,2,Europe,Contoso Romania,Contoso Romania,Country/Region,1998-03-03,NULL,Current,,,
15,102,1,North America,Contoso Canada,Contoso Canada,Country/Region,1999-01-07,NULL,Current,,,
16,210,2,Europe,Contoso Poland,Contoso Poland,Country/Region,1998-03-11,NULL,Current,,,
17,209,2,Europe,Contoso Malta,Contoso Malta,Country/Region,1998-03-23,NULL,Current,,,
18,207,2,Europe,Contoso Ireland,Contoso Ireland,Country/Region,1998-03-30,NULL,Current,,,
19,205,2,Europe,Contoso Greece,Contoso Greece,Country/Region,1998-04-11,NULL,Current,,,
20,310,3,Asia,Contoso Singapore,Contoso Singapore,Country/Region,1998-04-18,NULL,Current,,,
21,304,3,Asia,Contoso India,Contoso India,Country/Region,1998-04-29,NULL,Current,,,
22,302,3,Asia,Contoso Bhutan,Contoso Bhutan,Country/Region,1999-01-02,NULL,Current,,,
23,303,3,Asia,Contoso China,Contoso China,Country/Region,1999-01-02,NULL,Current,,,
24,305,3,Asia,Contoso Iran,Contoso Iran,Country/Region,1999-01-03,NULL,Current,,,
25,312,3,Asia,Contoso Syria,Contoso Syria,Country/Region,1999-01-03,NULL,Current,,,
26,313,3,Asia,Contoso Thailand,Contoso Thailand,Country/Region,1999-01-03,NULL,Current,,,
27,217,2,Europe,Contoso Russia,Contoso Russia,Country/Region,1999-01-04,NULL,Current,,,
28,314,3,Asia,Contoso Turkmenistan,Contoso Turkmenistan,Country/Region,1999-01-05,NULL,Current,,,
29,308,3,Asia,Contoso Pakistan,Contoso Pakistan,Country/Region,1999-01-05,NULL,Current,,,
30,306,3,Asia,Contoso Japan,Contoso Japan,Country/Region,1999-01-05,NULL,Current,,,
31,311,3,Asia,Contoso South Korea,Contoso South Korea,Country/Region,1999-01-06,NULL,Current,,,
32,307,3,Asia,Contoso Kyrgyzstan,Contoso Kyrgyzstan,Country/Region,1999-01-07,NULL,Current,,,
33,10112,4,United States,Contoso Washington,Contoso Washington,State,1999-01-07,NULL,Current,,,
34,10101,4,United States,Contoso Colorado,Contoso Colorado,State,1999-01-08,NULL,Current,,,
35,10113,4,United States,Contoso Wisconsin,Contoso Wisconsin,State,1999-01-08,NULL,Current,,,
36,10110,4,United States,Contoso Texas,Contoso Texas,State,1999-01-08,NULL,Current,,,
37,10103,4,United States,Contoso Florida,Contoso Florida,State,1999-01-08,NULL,Current,,,
38,10108,4,United States,Contoso New York,Contoso New York,State,1999-01-08,NULL,Current,,,
39,10107,4,United States,Contoso New Jersey,Contoso New Jersey,State,1999-01-09,NULL,Current,,,
40,10106,4,United States,Contoso Massachusetts,Contoso Massachusetts,State,1999-01-09,NULL,Current,,,
41,10104,4,United States,Contoso Maine,Contoso Maine,State,1999-01-10,NULL,Current,,,
42,10102,4,United States,Contoso Connecticut,Contoso Connecticut,State,1999-01-10,NULL,Current,,,
43,10111,4,United States,Contoso Virginia,Contoso Virginia,State,1999-01-10,NULL,Current,,,
44,10109,4,United States,Contoso South Carolina,Contoso South Carolina,State,1999-01-12,NULL,Current,,,
45,10105,4,United States,Contoso Maryland,Contoso Maryland,State,1999-01-13,NULL,Current,,,
46,21501,5,UK,Contoso England,Contoso England,State,1999-01-13,NULL,Current,,,
47,21502,5,UK,Contoso Scotland,Contoso Scotland,State,1999-01-13,NULL,Current,,,
48,30305,23,China,Contoso Xinjiang,Contoso Xinjiang,State,1999-01-13,NULL,Current,,,
49,30304,23,China,Contoso Shanghai,Contoso Shanghai,State,1999-01-14,NULL,Current,,,
50,30301,23,China,Contoso Beijing,Contoso Beijing,State,1999-01-15,NULL,Current,,,
51,30302,23,China,Contoso Guangdong,Contoso Guangdong,State,1999-01-15,NULL,Current,,,
52,301,3,Asia,Contoso Australia,Contoso Australia,Country/Region,1999-01-07,NULL,Current,,,
53,201,2,Europe,Contoso Switzerland,Contoso Switzerland,Country/Region,1998-04-11,NULL,Current,,,
54,10114,4,United States,Contoso Alaska,Contoso Alaska,State,1999-01-13,NULL,Current,,,
58,10116,4,United States,Contoso Catalog Store,Contoso Catalog Store,Store,2009-08-07,NULL,Current,,,
59,10115,4,United States,Contoso North America Online Store,Contoso North America Online Store,Store,2009-08-07,NULL,Current,,,
60,10201,15,Canada,Contoso Ontario,Contoso Ontario,State,1999-02-14,NULL,Current,,,
61,10202,15,Canada,Contoso Quebec,Contoso Quebec,State,1999-02-14,NULL,Current,,,
62,10203,15,Canada,Contoso British Columbia,Contoso British Columbia,State,1999-02-14,NULL,Current,,,
63,10204,15,Canada,Contoso Alberta,Contoso Alberta,State,1999-02-14,NULL,Current,,,
571,20303,6,France ,Contoso Ile-del-France,Contoso Ile-del-France,State,1999-01-15,NULL,Current,,,
572,20306,6,France,Contoso Provence-Alpes-Cote d'Azur,Contoso Provence-Alpes-Cote d'Azur,State,1999-01-16,NULL,Current,,,
573,20307,6,France,Contoso Rhone-Alpes,Contoso Rhone-Alpes,State,1999-01-16,NULL,Current,,,
574,20304,6,France,Contoso Midi-Pyrenees,Contoso Midi-Pyrenees,State,1999-01-16,NULL,Current,,,
575,20301,6,France,Contoso Provence-Alpes-Côte d'Azur,Contoso Provence-Alpes-Côte d'Azur,State,1999-01-17,NULL,Current,,,
576,20305,6,France,Contoso Pays de la Loire,Contoso Pays de la Loire,State,1999-01-17,NULL,Current,,,
577,20302,6,France,Contoso Alsace,Contoso Alsace,State,1999-01-18,NULL,Current,,,
578,20805,7,Italy ,Contoso Roma,Contoso Roma,State,1999-01-18,NULL,Current,,,
579,20806,7,Italy ,Contoso Venice,Contoso Venice,State,1999-01-18,NULL,Current,,,
580,20803,7,Italy ,Contoso Province of Florence,Contoso Province of Florence,State,1999-01-19,NULL,Current,,,
581,20804,7,Italy ,Contoso Province of Turin,Contoso Province of Turin,State,1999-01-20,NULL,Current,,,
582,20802,7,Italy ,Contoso Lombardy,Contoso Lombardy,State,1999-01-20,NULL,Current,,,
583,20801,7,Italy ,Contoso Campania,Contoso Campania,State,1999-01-22,NULL,Current,,,
584,20403,8,Germany,Contoso Berlin,Contoso Berlin,State,1999-01-23,NULL,Current,,,
587,20404,8,Germany,Contoso Hesse,Contoso Hesse,State,1999-01-24,NULL,Current,,,
590,20406,8,Germany,Contoso North Rhine-Westphalia,Contoso North Rhine-Westphalia,State,1999-01-26,NULL,Current,,,
592,20408,8,Germany,Contoso Rhineland-Palatinate,Contoso Rhineland-Palatinate,State,1999-01-26,NULL,Current,,,
594,20401,8,Germany,Contoso Bavaria,Contoso Bavaria,State,1999-01-27,NULL,Current,,,
596,20601,9,Contoso the Netherlands,Contoso North Holland,Contoso North Holland,State,1999-01-28,NULL,Current,,,
597,20201,10,Denmark,Contoso Copenhagen,Contoso Copenhagen,State,1999-01-28,NULL,Current,,,
598,21401,11,Sweden ,Contoso Stockholm,Contoso Stockholm,State,1999-01-29,NULL,Current,,,
599,21301,12,Spain,Contoso Madrid,Contoso Madrid,State,1999-01-29,NULL,Current,,,
600,21201,13,Slovenia,Contoso Ljubljana,Contoso Ljubljana,State,1999-01-30,NULL,Current,,,
601,21101,14,Romania ,Contoso Bucharest,Contoso Bucharest,State,1999-01-30,NULL,Current,,,
602,20101,53,Berne ,Contoso Bern,Contoso Bern,State,1999-02-01,NULL,Current,,,
603,21001,16,Poland ,Contoso Warszawa,Contoso Warszawa,State,1999-02-02,NULL,Current,,,
604,20901,17,Malta,Contoso Valletta,Contoso Valletta,State,1999-02-02,NULL,Current,,,
605,20701,18,Ireland ,Contoso Leinster,Contoso Leinster,State,1999-02-03,NULL,Current,,,
606,20501,19,Greece ,Contoso Central Greece and Evvoia,Contoso Central Greece and Evvoia,State,1999-02-03,NULL,Current,,,
607,31001,20,Singapore ,Contoso Singapore,Contoso Singapore,State,1999-02-03,NULL,Current,,,
608,30402,21,India ,Contoso India Capital Territory,National Capital Territory of Delhi,State,1999-02-04,NULL,Current,,,
609,30401,21,India,Contoso Maharashtra,Contoso Maharashtra,State,1999-02-04,NULL,Current,,,
610,30403,21,India,Contoso West Bengal,Contoso West Bengal,State,1999-02-05,NULL,Current,,,
611,30201,22,Bhutan,Contoso Thimphu District,Contoso Thimphu District,State,1999-02-05,NULL,Current,,,
612,30303,23,China,Contoso Hong Kong,Contoso Hong Kong,State,1999-02-05,NULL,Current,,,
613,30501,24,Iran ,Contoso Tehran,Contoso Tehran,State,1999-02-05,NULL,Current,,,
614,31201,25,Syria ,Contoso Damascus,Contoso Damascus,State,1999-02-06,NULL,Current,,,
615,31301,26,Thailand,Contoso Bangkok,Contoso Bangkok,State,1999-02-07,NULL,Current,,,
616,21701,27,Russia,Contoso Central Federal District,Contoso Central Federal District,State,1999-02-07,NULL,Current,,,
617,31401,28,Turkmenistan ,Contoso Ahal Province,Contoso Ahal Province,State,1999-02-08,NULL,Current,,,
618,30801,29,Pakistan,Contoso Islamabad Capital Territory,Contoso Islamabad Capital Territory,State,2001-10-02,NULL,Current,,,
620,30604,30,Japan,Contoso Kanto,Contoso Kanto,State,1999-02-09,NULL,Current,,,
625,30602,30,Japan,Contoso Hokkaido,Contoso Hokkaido,State,1999-02-13,NULL,Current,,,
626,30603,30,Japan,Contoso Kansai,Contoso Kansai,State,1999-02-13,NULL,Current,,,
627,30601,30,Japan,Contoso Chubu,Contoso Chubu,State,1999-02-13,NULL,Current,,,
628,31101,31,South Korea,Contoso Seoul,Contoso Seoul,State,1999-02-13,NULL,Current,,,
629,31102,31,South Korea,Contoso Busan,Contoso Busan,State,1999-02-13,NULL,Current,,,
630,30701,32,Kyrgyzstan,Contoso Chui Province,Contoso Chui Province,State,1999-02-14,NULL,Current,,,
631,30101,52,Armenia,Contoso Armenia,Contoso Armenia,State,1999-02-14,NULL,Current,,,
632,30102,52,Australia,Contoso New South Wales,Contoso New South Wales,State,1999-02-14,NULL,Current,,,
633,30103,52,Australia,Contoso Australian Capital Territory,Contoso Australian Capital Territory,State,1999-02-14,NULL,Current,,,
635,10112010,33,Washington,Contoso Seattle No.1 Store,Contoso Seattle No.1 Store,Store,1999-02-17,NULL,Current,,,
636,10112011,33,Washington,Contoso Seattle No.2 Store,Contoso Seattle No.2 Store,Store,1999-02-17,NULL,Current,,,
638,10112001,33,Washington,Contoso Bellevue Store,Contoso Bellevue Store,Store,1999-02-18,NULL,Current,,,
639,10112008,33,Washington,Contoso Redmond Store,Contoso Redmond Store,Store,1999-02-18,NULL,Current,,,
640,10112018,33,Washington,Contoso Yakima Store,Contoso Yakima Store,Store,1999-02-19,NULL,Current,,,
641,10112006,33,Washington,Contoso Granger Store,Contoso Granger Store,Store,1999-02-19,NULL,Current,,,
642,10112014,33,Washington,Contoso Sunnyside Store,Contoso Sunnyside Store,Store,1999-02-21,NULL,Current,,,
643,10112015,33,Washington,Contoso Toppenish Store,Contoso Toppenish Store,Store,1999-02-21,NULL,Current,,,
644,10112017,33,Washington,Contoso Wapato Store,Contoso Wapato Store,Store,1999-02-22,NULL,Current,,,
645,10112003,33,Washington,Contoso Cle Elum Store,Contoso Cle Elum Store,Store,1999-02-22,NULL,Current,,,
646,10112007,33,Washington,Contoso North Bend Store,Contoso North Bend Store,Store,1999-02-22,NULL,Current,,,
647,10112012,33,Washington,Contoso Snoqualmie Store,Contoso Snoqualmie Store,Store,1999-02-23,NULL,Current,,,
648,10112005,33,Washington,Contoso Fall City Store,Contoso Fall City Store,Store,1999-02-23,NULL,Current,,,
649,10112009,33,Washington,Contoso Renton Store,Contoso Renton Store,Store,1999-02-23,NULL,Current,,,
650,10112004,33,Washington,Contoso Everett Store,Contoso Everett Store,Store,1999-02-23,NULL,Current,,,
651,10112013,33,Washington,Contoso Spokane Store,Contoso Spokane Store,Store,1999-02-24,NULL,Current,,,
652,10112016,33,Washington,Contoso Veradale Store,Contoso Veradale Store,Store,1999-02-25,NULL,Current,,,
653,10112002,33,Washington,Contoso Cheney Store,Contoso Cheney Store,Store,1999-02-26,NULL,Current,,,
654,10101008,34,Colorado,Contoso Englewood Store,Contoso Englewood Store,Store,1999-02-27,NULL,Current,,,
655,10101021,34,Colorado,Contoso Wheat Ridge Store,Contoso Wheat Ridge Store,Store,1999-02-27,NULL,Current,,,
656,10101020,34,Colorado,Contoso Westminster Store,Contoso Westminster Store,Store,1999-02-28,NULL,Current,,,
657,10101010,34,Colorado,Contoso Grand Junction Store,Contoso Grand Junction Store,Store,1999-02-28,NULL,Current,,,
658,10101016,34,Colorado,Contoso New Castle Store,Contoso New Castle Store,Store,1999-02-28,NULL,Current,,,
659,10101011,34,Colorado,Contoso Greeley No.1 Store,Contoso Greeley No.1 Store,Store,1999-03-02,NULL,Current,,,
660,10101014,34,Colorado,Contoso Loveland Store,Contoso Loveland Store,Store,1999-03-02,NULL,Current,,,
661,10101012,34,Colorado,Contoso Lafayette Store,Contoso Lafayette Store,Store,1999-03-03,NULL,Current,,,
662,10101004,34,Colorado,Contoso Castle Rock Store,Contoso Castle Rock Store,Store,1999-03-04,NULL,Current,,,
663,10101018,34,Colorado,Contoso Sedalia Store,Contoso Sedalia Store,Store,2003-12-15,NULL,Current,,,
664,10101009,34,Colorado,Contoso Fort Collins Store,Contoso Fort Collins Store,Store,1999-03-04,NULL,Current,,,
665,10101022,34,Colorado,Contoso Greeley No.2 Store,Contoso Greeley No.2 Store,Store,1999-03-04,NULL,Current,,,
666,10101015,34,Colorado,Contoso Milliken Store,Contoso Milliken Store,Store,1999-03-05,NULL,Current,,,
667,10101002,34,Colorado,Contoso Berthoud Store,Contoso Berthoud Store,Store,1999-03-06,NULL,Current,,,
668,10101005,34,Colorado,Contoso Denver No.1 Store,Contoso Denver No.1 Store,Store,1999-03-06,NULL,Current,,,
669,10101006,34,Colorado,Contoso Denver No.2 Store,Contoso Denver No.2 Store,Store,1999-03-06,NULL,Current,,,
670,10101007,34,Colorado,Contoso Denver No.3 Store,Contoso Denver No.3 Store,Store,1999-03-07,NULL,Current,,,
671,10101003,34,Colorado,Contoso Boulder Store,Contoso Boulder Store,Store,1999-03-07,NULL,Current,,,
672,10101019,34,Colorado,Contoso Thornton Store,Contoso Thornton Store,Store,1999-03-07,NULL,Current,,,
673,10101013,34,Colorado,Contoso Littleton Store,Contoso Littleton Store,Store,1999-03-08,NULL,Current,,,
674,10101001,34,Colorado,Contoso Aurora Store,Contoso Aurora Store,Store,1999-03-08,NULL,Current,,,
675,10101017,34,Colorado,Contoso Parker Store,Contoso Parker Store,Store,1999-03-09,NULL,Current,,,
676,10113008,35,Wisconsin,Contoso Green Bay Store,Contoso Green Bay Store,Store,1999-03-09,NULL,Current,,,
677,10113001,35,Wisconsin,Contoso Appleton Store,Contoso Appleton Store,Store,1999-03-10,NULL,Current,,,
678,10113012,35,Wisconsin,Contoso Menasha Store,Contoso Menasha Store,Store,1999-03-12,NULL,Current,,,
679,10113017,35,Wisconsin,Contoso Oshkosh Store,Contoso Oshkosh Store,Store,1999-03-12,NULL,Current,,,
680,10113005,35,Wisconsin,Contoso Fond du Lac Store,Contoso Fond du Lac Store,Store,1999-03-12,NULL,Current,,,
681,10113013,35,Wisconsin,Contoso Milwaukee No.1 Store,Contoso Milwaukee No.1 Store,Store,1999-03-12,NULL,Current,,,
682,10113014,35,Wisconsin,Contoso Milwaukee No.2 Store,Contoso Milwaukee No.2 Store,Store,1999-03-12,NULL,Current,,,
683,10113015,35,Wisconsin,Contoso Milwaukee No.3 Store,Contoso Milwaukee No.3 Store,Store,1999-03-13,NULL,Current,,,
684,10113022,35,Wisconsin,Contoso Waukesha No.1 Store,Contoso Waukesha No.1 Store,Store,1999-03-13,NULL,Current,,,
685,10113009,35,Wisconsin,Contoso Racine  No.1 Store,Contoso Racine  No.1 Store,Store,1999-03-14,NULL,Current,,,
686,10113002,35,Wisconsin,Contoso Burlington Store,Contoso Burlington Store,Store,1999-03-14,NULL,Current,,,
687,10113003,35,Wisconsin,Contoso East Troy Store,Contoso East Troy Store,Store,1999-03-14,NULL,Current,,,
688,10113023,35,Wisconsin,Contoso Waukesha No.2 Store,Contoso Waukesha No.2 Store,Store,1999-03-15,NULL,Current,,,
689,10113007,45,Maryland,Contoso Germantown Store,Contoso Germantown Store,Store,1999-03-15,NULL,Current,,,
691,10113018,35,Wisconsin,Contoso Port Washington Store,Contoso Port Washington Store,Store,1999-03-17,NULL,Current,,,
692,10113020,35,Wisconsin,Contoso Sheboygan Store,Contoso Sheboygan Store,Store,1999-03-17,NULL,Current,,,
693,10113011,35,Wisconsin,Contoso Manitowoc Store,Contoso Manitowoc Store,Store,1999-03-17,NULL,Current,,,
694,10113010,35,Wisconsin,Contoso Madison Store,Contoso Madison Store,Store,1999-03-18,NULL,Current,,,
695,10113016,35,Wisconsin,Contoso Oregon Store,Contoso Oregon Store,Store,1999-03-19,NULL,Current,,,
696,10113021,35,Wisconsin,Contoso Stoughton Store,Contoso Stoughton Store,Store,1999-03-19,NULL,Current,,,
697,10113004,35,Wisconsin,Contoso Edgerton Store,Contoso Edgerton Store,Store,1999-03-19,NULL,Current,,,
698,10113006,35,Wisconsin,Contoso Fort Atkinson Store,Contoso Fort Atkinson Store,Store,1999-03-20,NULL,Current,,,
699,10113019,35,Wisconsin,Contoso Racine  No.2 Store,Contoso Racine  No.2 Store,Store,1999-03-20,NULL,Current,,,
700,10110015,36,Texas,Contoso Houston No.1 Store,Contoso Houston No.1 Store,Store,1999-03-20,NULL,Current,,,
701,10110016,36,Texas,Contoso Houston No.2 Store,Contoso Houston No.2 Store,Store,1999-03-22,NULL,Current,,,
702,10110017,36,Texas,Contoso Houston No.3 Store,Contoso Houston No.3 Store,Store,1999-03-22,NULL,Current,,,
703,10110018,36,Texas,Contoso Houston No.4 Store,Contoso Houston No.4 Store,Store,1999-03-23,NULL,Current,,,
704,10110024,36,Texas,Contoso Midland Store,Contoso Midland Store,Store,1999-03-24,NULL,Current,,,
705,10110031,36,Texas,Contoso Russellville Store,Contoso Russellville Store,Store,1999-03-24,NULL,Current,,,
706,10110025,36,Texas,Contoso Minden Store,Contoso Minden Store,Store,1999-03-25,NULL,Current,,,
707,10110033,36,Texas,Contoso Shreveport Store,Contoso Shreveport Store,Store,1999-03-25,NULL,Current,,,
708,10110023,36,Texas,Contoso Marshall Store,Contoso Marshall Store,Store,1999-03-26,NULL,Current,,,
709,10110022,36,Texas,Contoso Longview Store,Contoso Longview Store,Store,1999-03-26,NULL,Current,,,
710,10110005,36,Texas,Contoso Beaumont No.1 Store,Contoso Beaumont No.1 Store,Store,1999-03-27,NULL,Current,,,
711,10110026,36,Texas,Contoso Orange Store,Contoso Orange Store,Store,1999-03-27,NULL,Current,,,
712,10110006,36,Texas,Contoso Beaumont No.2 Store,Contoso Beaumont No.2 Store,Store,1999-03-27,NULL,Current,,,
713,10110004,36,Texas,Contoso Baytown Store,Contoso Baytown Store,Store,1999-03-28,NULL,Current,,,
714,10110020,36,Texas,Contoso La Porte Store,Contoso La Porte Store,Store,1999-03-29,NULL,Current,,,
715,10110003,36,Texas,Contoso Bacliff Store,Contoso Bacliff Store,Store,1999-03-29,NULL,Current,,,
716,10110035,36,Texas,Contoso Texas City Store,Contoso Texas City Store,Store,1999-03-30,NULL,Current,,,
717,10110027,36,Texas,Contoso Pasadena Store,Contoso Pasadena Store,Store,1999-03-30,NULL,Current,,,
718,10110019,36,Texas,Contoso Humble Store,Contoso Humble Store,Store,1999-03-30,NULL,Current,,,
719,10110034,36,Texas,Contoso Spring Store,Contoso Spring Store,Store,1999-03-30,NULL,Current,,,
720,10110002,36,Texas,Contoso Austin Store,Contoso Austin Store,Store,1999-03-30,NULL,Current,,,
721,10110032,36,Texas,Contoso San Antonio Store,Contoso San Antonio Store,Store,1999-04-01,NULL,Current,,,
722,10110007,36,Texas,Contoso Cedar Park Store,Contoso Cedar Park Store,Store,1999-04-01,NULL,Current,,,
723,10110030,36,Texas,Contoso Round Rock Store,Contoso Round Rock Store,Store,1999-04-01,NULL,Current,,,
724,10110008,36,Texas,Contoso Dallas Store,Contoso Dallas Store,Store,1999-04-02,NULL,Current,,,
725,10110012,36,Texas,Contoso Georgetown Store,Contoso Georgetown Store,Store,1999-04-03,NULL,Current,,,
726,10110014,36,Texas,Contoso Hillsboro Store,Contoso Hillsboro Store,Store,1999-04-03,NULL,Current,,,
727,10111002,36,Texas,Contoso Arlington Store,Contoso Arlington Store,Store,1999-04-04,NULL,Current,,,
728,10110013,36,Texas,Contoso Grand Prairie Store,Contoso Grand Prairie Store,Store,1999-04-04,NULL,Current,,,
729,10110010,36,Texas,Contoso Desoto Store,Contoso Desoto Store,Store,1999-04-04,NULL,Current,,,
730,10110029,36,Texas,Contoso Richardson Store,Contoso Richardson Store,Store,1999-04-05,NULL,Current,,,
731,10110021,36,Texas,Contoso Lewisville Store,Contoso Lewisville Store,Store,1999-04-06,NULL,Current,,,
732,10110009,36,Texas,Contoso Denton Store,Contoso Denton Store,Store,1999-04-06,NULL,Current,,,
733,10110011,36,Texas,Contoso Fort Worth Store,Contoso Fort Worth Store,Store,1999-04-06,NULL,Current,,,
734,10110028,36,Texas,Contoso Plano Store,Contoso Plano Store,Store,1999-04-07,NULL,Current,,,
735,10103006,37,Florida,Contoso Miami No.1 Store,Contoso Miami No.1 Store,Store,1999-04-07,NULL,Current,,,
736,10103007,37,Florida,Contoso Miami No.2 Store,Contoso Miami No.2 Store,Store,1999-04-08,NULL,Current,,,
737,10103003,37,Florida,Contoso Jacksonville Store,Contoso Jacksonville Store,Store,1999-04-08,NULL,Current,,,
738,10103011,37,Florida,Contoso Tallahassee No.1 Store,Contoso Tallahassee No.1 Store,Store,1999-04-09,NULL,Current,,,
739,10103012,37,Florida,Contoso Tallahassee No.2 Store,Contoso Tallahassee No.2 Store,Store,1999-04-09,NULL,Current,,,
741,10103010,37,Florida,Contoso Sebring Store,Contoso Sebring Store,Store,2000-01-03,NULL,Current,,,
742,10103005,37,Florida,Contoso Lakeland Store,Contoso Lakeland Store,Store,2000-01-04,NULL,Current,,,
743,10103002,37,Florida,Contoso Fort Lauderdale Store,Contoso Fort Lauderdale Store,Store,2000-01-07,NULL,Current,,,
744,10103009,37,Florida,Contoso Orlando Store,Contoso Orlando Store,Store,2000-01-12,NULL,Current,,,
745,10103013,37,Florida,Contoso Tampa Store,Contoso Tampa Store,Store,2000-01-12,NULL,Current,,,
746,10103004,37,Florida,Contoso Key West Store,Contoso Key West Store,Store,2000-01-18,NULL,Current,,,
747,10103001,37,Florida,Contoso Cape Canaveral Store,Contoso Cape Canaveral Store,Store,2000-01-19,NULL,Current,,,
748,10108001,38,New York,Contoso Albany Store,Contoso Albany Store,Store,2000-01-22,NULL,Current,,,
749,10108006,38,New York,Contoso New York No.1 Store,Contoso New York No.1 Store,Store,2000-01-23,NULL,Current,,,
750,10108012,38,New York,Contoso Rochester No.1 Store,Contoso Rochester No.1 Store,Store,2000-01-26,NULL,Current,,,
751,10108007,38,New York,Contoso New York No.2 Store,Contoso New York No.2 Store,Store,2000-01-26,NULL,Current,,,
752,10108014,38,New York,Contoso Syracuse Store,Contoso Syracuse Store,Store,2000-01-30,NULL,Current,,,
753,10108003,38,New York,Contoso Buffalo Store,Contoso Buffalo Store,Store,2000-02-02,NULL,Current,,,
754,10108009,38,New York,Contoso Plattsburgh Store,Contoso Plattsburgh Store,Store,2000-02-05,NULL,Current,,,
755,10108002,38,New York,Contoso Brooklyn Store,Contoso Brooklyn Store,Store,2000-02-07,NULL,Current,,,
756,10108008,38,New York,Contoso Oswego Store,Contoso Oswego Store,Store,2000-02-12,NULL,Current,,,
757,10108005,38,New York,Contoso Ithaca Store,Contoso Ithaca Store,Store,2000-02-13,NULL,Current,,,
758,10108013,38,New York,Contoso Rochester No.2 Store,Contoso Rochester No.2 Store,Store,2000-02-17,NULL,Current,,,
759,10108011,38,New York,Contoso Queens Store,Contoso Queens Store,Store,2000-02-18,NULL,Current,,,
760,10108004,38,New York,Contoso Elmira Store,Contoso Elmira Store,Store,2000-02-23,NULL,Current,,,
761,10108010,38,New York,Contoso Poestenkill Store,Contoso Poestenkill Store,Store,2000-02-24,NULL,Current,,,
762,10107016,39,New Jersey,Contoso Trenton No.1 Store,Contoso Trenton No.1 Store,Store,2000-02-25,NULL,Current,,,
763,10107017,39,New Jersey,Contoso Trenton No.2 Store,Contoso Trenton No.2 Store,Store,2000-02-25,NULL,Current,,,
764,10107012,39,New Jersey,Contoso Newark No.1 Store,Contoso Newark No.1 Store,Store,2000-02-28,NULL,Current,,,
765,10107013,39,New Jersey,Contoso Newark No.2 Store,Contoso Newark No.2 Store,Store,2000-02-28,NULL,Current,,,
766,10107008,39,New Jersey,Contoso Jersey City Store,Contoso Jersey City Store,Store,2000-03-01,NULL,Current,,,
767,10107015,39,New Jersey,Contoso Paterson Store,Contoso Paterson Store,Store,2000-03-03,NULL,Current,,,
768,10107004,39,New Jersey,Contoso Clifton Store,Contoso Clifton Store,Store,2000-03-04,NULL,Current,,,
769,10107005,39,New Jersey,Contoso East Orange Store,Contoso East Orange Store,Store,2000-03-08,NULL,Current,,,
770,10107014,39,New Jersey,Contoso Passaic Store,Contoso Passaic Store,Store,2000-03-08,NULL,Current,,,
771,10107002,39,New Jersey,Contoso Bayonne Store,Contoso Bayonne Store,Store,2000-03-11,NULL,Current,,,
772,10107018,39,New Jersey,Contoso Vineland Store,Contoso Vineland Store,Store,2000-03-15,NULL,Current,,,
773,10107011,39,New Jersey,Contoso New Brunswick Store,Contoso New Brunswick Store,Store,2000-03-16,NULL,Current,,,
774,10107006,39,New Jersey,Contoso Hackensack Store,Contoso Hackensack Store,Store,2000-03-19,NULL,Current,,,
775,10107001,39,New Jersey,Contoso Atlantic City Store,Contoso Atlantic City Store,Store,2000-03-23,NULL,Current,,,
776,10107009,39,New Jersey,Contoso Montclair Store,Contoso Montclair Store,Store,2000-03-26,NULL,Current,,,
777,10107007,39,New Jersey,Contoso Hoboken Store,Contoso Hoboken Store,Store,2000-03-26,NULL,Current,,,
778,10107010,39,New Jersey,Contoso Morristown Store,Contoso Morristown Store,Store,2000-03-26,NULL,Current,,,
779,10107003,39,New Jersey,Contoso Cape May Store,Contoso Cape May Store,Store,2000-03-30,NULL,Current,,,
780,10106002,40,Massachusetts,Contoso Boston Store,Contoso Boston Store,Store,2000-04-03,NULL,Current,,,
781,10106019,40,Massachusetts,Contoso Worcester No.1 Store,Contoso Worcester No.1 Store,Store,2000-04-04,NULL,Current,,,
782,10106020,40,Massachusetts,Contoso Worcester No.2 Store,Contoso Worcester No.2 Store,Store,2000-04-05,NULL,Current,,,
783,10106013,40,Massachusetts,Contoso New Bedford Store,Contoso New Bedford Store,Store,2000-04-07,NULL,Current,,,
784,10106001,40,Massachusetts,Contoso Attleboro Store,Contoso Attleboro Store,Store,2000-04-09,NULL,Current,,,
785,10106010,40,Massachusetts,Contoso Lowell Store,Contoso Lowell Store,Store,2000-04-10,NULL,Current,,,
786,10106009,40,Massachusetts,Contoso Leominster Store,Contoso Leominster Store,Store,2001-01-05,NULL,Current,,,
787,10106007,40,Massachusetts,Contoso Hingham Store,Contoso Hingham Store,Store,2001-01-06,NULL,Current,,,
788,10106017,40,Massachusetts,Contoso Quincy Store,Contoso Quincy Store,Store,2001-01-23,NULL,Current,,,
789,10106005,40,Massachusetts,Contoso Framingham Store,Contoso Framingham Store,Store,2001-01-25,NULL,Current,,,
790,10106003,40,Massachusetts,Contoso Cambridge Store,Contoso Cambridge Store,Store,2001-01-30,NULL,Current,,,
791,10106018,40,Massachusetts,Contoso Somerville Store,Contoso Somerville Store,Store,2001-02-04,NULL,Current,,,
792,10106006,40,Massachusetts,Contoso Haverhill Store,Contoso Haverhill Store,Store,2001-02-07,NULL,Current,,,
793,10106011,40,Massachusetts,Contoso Lynn Store,Contoso Lynn Store,Store,2001-02-18,NULL,Current,,,
794,10106014,40,Massachusetts,Contoso Northampton Store,Contoso Northampton Store,Store,2001-03-10,NULL,Current,,,
795,10106008,40,Massachusetts,Contoso Holyoke Store,Contoso Holyoke Store,Store,2001-03-17,NULL,Current,,,
796,10106015,40,Massachusetts,Contoso Pittsfield Store,Contoso Pittsfield Store,Store,2001-03-18,NULL,Current,,,
797,10106004,40,Massachusetts,Contoso Falmouth Store,Contoso Falmouth Store,Store,2001-03-28,NULL,Current,,,
798,10106016,40,Massachusetts,Contoso Provincetown Store,Contoso Provincetown Store,Store,2001-08-31,NULL,Current,,,
799,10106012,40,Massachusetts,Contoso Nantucket Store,Contoso Nantucket Store,Store,2002-08-16,NULL,Current,,,
800,10104001,41,Maine,Contoso Bangor Store,Contoso Bangor Store,Store,2001-07-01,NULL,Current,,,
801,10104002,41,Maine,Contoso Bar Harbor Store,Contoso Bar Harbor Store,Store,2001-07-01,NULL,Current,,,
802,10104003,41,Maine,Contoso Kennebunkport Store,Contoso Kennebunkport Store,Store,2001-07-01,NULL,Current,,,
803,10104004,41,Maine,Contoso Lewiston Store,Contoso Lewiston Store,Store,2001-07-01,NULL,Current,,,
804,10104005,41,Maine,Contoso Orono Store,Contoso Orono Store,Store,2001-07-01,NULL,Current,,,
805,10104006,41,Maine,Contoso South Portland Store,Contoso South Portland Store,Store,2001-07-01,NULL,Current,,,
806,10102003,42,Connecticut,Contoso Hartford Store,Contoso Hartford Store,Store,2001-07-01,NULL,Current,,,
807,10102001,42,Connecticut,Contoso Bridgeport Store,Contoso Bridgeport Store,Store,2001-07-01,NULL,Current,,,
808,10102008,42,Connecticut,Contoso Waterbury Store,Contoso Waterbury Store,Store,2001-07-01,NULL,Current,,,
809,10102007,42,Connecticut,Contoso Old Saybrook Store,Contoso Old Saybrook Store,Store,2002-05-18,NULL,Current,,,
810,10102002,42,Connecticut,Contoso Darien Store,Contoso Darien Store,Store,2002-07-01,NULL,Current,,,
811,10102005,42,Connecticut,Contoso New Haven Store,Contoso New Haven Store,Store,2002-07-01,NULL,Current,,,
812,10102004,42,Connecticut,Contoso Litchfield County Store,Contoso Litchfield County Store,Store,2002-11-01,NULL,Current,,,
813,10102006,42,Connecticut,Contoso New London Store,Contoso New London Store,Store,2003-04-15,NULL,Current,,,
814,10111006,43,Virginia,Contoso Norfolk Store,Contoso Norfolk Store,Store,2003-07-01,NULL,Current,,,
815,10111008,43,Virginia,Contoso Virginia Beach Store,Contoso Virginia Beach Store,Store,2003-07-01,NULL,Current,,,
816,10111009,43,Virginia,Contoso Winchester Store,Contoso Winchester Store,Store,2002-11-01,NULL,Current,,,
817,10114001,54,Alaska,Contoso Anchorage Store,Contoso Anchorage Store,Store,2003-04-15,NULL,Current,,,
818,10111001,43,Virginia,Contoso Alexandria Store,Contoso Alexandria Store,Store,2003-07-01,NULL,Current,,,
819,10111007,43,Virginia,Contoso Roanoke Store,Contoso Roanoke Store,Store,2003-07-01,NULL,Current,,,
820,10111003,43,Virginia,Contoso Charlottesville Store,Contoso Charlottesville Store,Store,2002-11-01,NULL,Current,,,
821,10111004,43,Virginia,Contoso Fredericksburg Store,Contoso Fredericksburg Store,Store,2003-04-15,NULL,Current,,,
822,10111005,43,Virginia,Contoso Martinsville Store,Contoso Martinsville Store,Store,2003-07-01,NULL,Current,,,
823,10109002,44,South Carolina,Contoso Greenville Store,Contoso Greenville Store,Store,2003-07-01,NULL,Current,,,
824,10109001,44,South Carolina,Contoso Charleston Store,Contoso Charleston Store,Store,2002-11-01,NULL,Current,,,
825,10105001,45,Maryland,Contoso Annapolis Store,Contoso Annapolis Store,Store,2003-04-15,NULL,Current,,,
826,10105003,45,Maryland,Contoso Baltimore Store,Contoso Baltimore Store,Store,2003-07-01,NULL,Current,,,
827,10105004,45,Maryland,Contoso Howard Store,Contoso Howard Store,Store,2003-07-01,NULL,Current,,,
828,10105008,45,Maryland,Contoso Ridgely Store,Contoso Ridgely Store,Store,2002-11-01,NULL,Current,,,
829,10105007,45,Maryland,Contoso Queen Anne's County Store,Contoso Queen Anne's County Store,Store,2003-04-15,NULL,Current,,,
830,10105006,45,Maryland,Contoso Parkville Store,Contoso Parkville Store,Store,2003-07-01,NULL,Current,,,
831,10105002,45,Maryland,Contoso Back River Store,Contoso Back River Store,Store,2003-07-01,NULL,Current,,,
832,10105005,45,Maryland,Contoso North Harford Store,Contoso North Harford Store,Store,2002-11-01,NULL,Current,,,
833,21501008,46,England ,Contoso London Store,Contoso London Store,Store,2003-04-15,NULL,Current,,,
834,21502001,47,Scotland,Contoso Edinburgh Store,Contoso Edinburgh Store,Store,2003-07-01,NULL,Current,,,
835,21502002,47,Scotland,Contoso Glasgow Store,Contoso Glasgow Store,Store,2003-07-01,NULL,Current,,,
836,21501012,46,England ,Contoso York Store,Contoso York Store,Store,2002-11-01,NULL,Current,,,
837,21501002,46,England ,Contoso Carlisle Store,Contoso Carlisle Store,Store,2003-04-15,NULL,Current,,,
838,21501009,46,England ,Contoso Manchester Store,Contoso Manchester Store,Store,2003-07-01,NULL,Current,,,
839,21501005,46,England ,Contoso Lancashire Store,Contoso Lancashire Store,Store,2003-07-01,NULL,Current,,,
840,21501011,46,England ,Contoso West Yorkshire Store,Contoso West Yorkshire Store,Store,2002-11-01,NULL,Current,,,
841,21501001,46,England ,Contoso Baildon Store,Contoso Baildon Store,Store,2003-04-15,NULL,Current,,,
842,21501003,46,England ,Contoso Cheshire Store,Contoso Cheshire Store,Store,2003-07-01,NULL,Current,,,
843,21501010,46,England ,Contoso Stockport Store,Contoso Stockport Store,Store,2003-07-01,NULL,Current,,,
844,21501007,46,England ,Contoso Liverpool Store,Contoso Liverpool Store,Store,2002-11-01,NULL,Current,,,
845,21501004,46,England ,Contoso Knotty Ash Store,Contoso Knotty Ash Store,Store,2003-04-15,NULL,Current,,,
846,21501006,46,England ,Contoso Leeds Store,Contoso Leeds Store,Store,2003-07-01,NULL,Current,,,
847,20303001,571,Ile-del-France,Contoso Paris Store,Contoso Paris Store,Store,2003-07-01,NULL,Current,,,
848,31001001,607,Singapore,Contoso Singapore Store,Contoso Singapore Store,Store,2002-11-01,NULL,Current,,,
849,30304001,49,Shanghai,Contoso Shanghai No.1 Store,Contoso Shanghai No.1 Store,Store,2003-04-15,NULL,Current,,,
850,30305001,48,Xinjiang,Contoso Urumqi Store,Contoso Urumqi Store,Store,2003-07-01,NULL,Current,,,
851,30301001,50,Beijing,Contoso Beijing Store,Contoso Beijing Store,Store,2003-07-01,NULL,Current,,,
852,30302001,51,Guangdong,Contoso Guangzhou Store,Contoso Guangzhou Store,Store,2002-11-01,NULL,Current,,,
853,30304002,49,Shanghai,Contoso Shanghai No.2 Store,Contoso Shanghai No.2 Store,Store,2003-04-15,NULL,Current,,,
854,20306001,572,Provence-Alpes-Cote d'Azur,Contoso Marseille Store,Contoso Marseille Store,Store,2003-07-01,NULL,Current,,,
855,20307001,573,Rhone-Alpes ,Contoso Lyon Store,Contoso Lyon Store,Store,2003-07-01,NULL,Current,,,
856,20304001,574,Midi-Pyrenees,Contoso Toulouse Store,Contoso Toulouse Store,Store,2002-11-01,NULL,Current,,,
857,20301001,575,Provence-Alpes-Côte d'Azur,Contoso Nice Store,Contoso Nice Store,Store,2003-04-15,NULL,Current,,,
858,20305001,576,Pays de la Loire,Contoso Nantes Store,Contoso Nantes Store,Store,2003-07-01,NULL,Current,,,
859,20302001,577,Alsace,Contoso Strasbourg Store,Contoso Strasbourg Store,Store,2003-07-01,NULL,Current,,,
860,20805001,578,Roma,Contoso Roma Store,Contoso Roma Store,Store,2002-11-01,NULL,Current,,,
861,20806001,579,Venice,Contoso Venezia Store,Contoso Venezia Store,Store,2003-04-15,NULL,Current,,,
862,20803001,580,Province of Florence,Contoso Firenze Store,Contoso Firenze Store,Store,2003-07-01,NULL,Current,,,
863,20804001,581,Province of Turin,Contoso Torino Store,Contoso Torino Store,Store,2003-07-01,NULL,Current,,,
864,20802001,582,Lombardy,Contoso Milan Store,Contoso Milan Store,Store,2002-11-01,NULL,Current,,,
865,20801001,37,Florida,Contoso Naples Store,Contoso Naples Store,Store,2003-04-15,NULL,Current,,,
866,20403001,584,Berlin,Contoso Berlin Store,Contoso Berlin Store,Store,2003-07-01,NULL,Current,,,
868,20406001,590,Nordrhein-Westfalen,Contoso koln No.2 Store,Contoso koln No.2 Store,Store,2002-11-01,NULL,Current,,,
869,20404001,587,Hesse,Contoso Hofheim Store,Contoso Hofheim Store,Store,2003-04-15,NULL,Current,,,
870,20407001,590,North Rhine-Westphalia,Contoso koln No.1 Store,Contoso koln No.1 Store,Store,2003-07-01,NULL,Current,,,
871,20408002,592,Rhineland-Palatinate,Contoso Landstuhl Store,Contoso Landstuhl Store,Store,2003-07-01,NULL,Current,,,
872,20406002,590,Nordrhein-Westfalen,Contoso Dusseldorf Store,Contoso Dusseldorf Store,Store,2002-11-01,NULL,Current,,,
873,20408003,592,Rhineland-Palatinate,Contoso Ramstein Store,Contoso Ramstein Store,Store,2003-04-15,NULL,Current,,,
874,20408001,592,Rhineland-Palatinate,Contoso Baumholder Store,Contoso Baumholder Store,Store,2003-07-01,NULL,Current,,,
875,20401001,594,Bavaria,Contoso Giebelstadt Store,Contoso Giebelstadt Store,Store,2003-07-01,NULL,Current,,,
876,20401002,594,Bavaria,Contoso obamberg Store,Contoso obamberg Store,Store,2002-11-01,NULL,Current,,,
877,20402001,594,Bavaria,Contoso Munich Store,Contoso Munich Store,Store,2003-04-15,NULL,Current,,,
878,20601001,596,North Holland,Contoso Amsterdam Store,Contoso Amsterdam Store,Store,2003-07-01,NULL,Current,,,
879,20201001,597,Copenhagen,Contoso Copenhagen Store,Contoso Copenhagen Store,Store,2003-07-01,NULL,Current,,,
880,21401001,598,Stockholm,Contoso Stockholm Store,Contoso Stockholm Store,Store,2002-11-01,NULL,Current,,,
881,21301001,599,Madrid,Contoso Madrid Store,Contoso Madrid Store,Store,2003-04-15,NULL,Current,,,
882,21201001,600,Ljubljana,Contoso Ljubljana Store,Contoso Ljubljana Store,Store,2003-07-01,NULL,Current,,,
883,21101001,601,Bucharest,Contoso Bucharest Store,Contoso Bucharest Store,Store,2003-07-01,NULL,Current,,,
884,20101001,602,Bern,Contoso Berne Store,Contoso Berne Store,Store,2002-11-01,NULL,Current,,,
885,21001001,603,Warszawa,Contoso Warsaw Store,Contoso Warsaw Store,Store,2003-04-15,NULL,Current,,,
886,20901001,604,Valletta,Contoso Valletta Store,Contoso Valletta Store,Store,2003-07-01,NULL,Current,,,
887,20701001,605,Leinster,Contoso Dublin Store,Contoso Dublin Store,Store,2003-07-01,NULL,Current,,,
888,20501001,606,Central Greece and Evvoia,Contoso Athens Store,Contoso Athens Store,Store,2002-11-01,NULL,Current,,,
889,30103001,633,Australian Capital Territory,Contoso Canberra Store,Contoso Canberra Store,Store,2002-11-01,NULL,Current,,,
890,30102001,632,New South Wales,Contoso Sydney No.1 Store,Contoso Sydney No.1 Store,Store,2003-04-15,NULL,Current,,,
891,30101001,631,Armenia,Contoso Yerevan Store,Contoso Yerevan Store,Store,2003-07-01,NULL,Current,,,
892,30402001,608,National Capital Territory of Delhi,Contoso New Delhi Store,Contoso New Delhi Store,Store,2003-07-01,NULL,Current,,,
893,30401001,609,Maharashtra,Contoso Mumbai Store,Contoso Mumbai Store,Store,2002-11-01,NULL,Current,,,
894,30403001,610,West Bengal,Contoso Kolkata Store,Contoso Kolkata Store,Store,2003-04-15,NULL,Current,,,
895,30201001,611,Thimphu District,Contoso Thimphu No.1 Store,Contoso Thimphu No.1 Store,Store,2003-07-01,NULL,Current,,,
896,30303001,612,Hong Kong,Contoso Hong Kong No.1 Store,Contoso Hong Kong No.1 Store,Store,2003-07-01,NULL,Current,,,
897,30501001,613,Tehran,Contoso Tehran No.1 Store,Contoso Tehran No.1 Store,Store,2002-11-01,NULL,Current,,,
898,31201001,614,Damascus,Contoso Damascus No.1 Store,Contoso Damascus No.1 Store,Store,2003-04-15,NULL,Current,,,
899,31301001,615,Bangkok,Contoso Bangkok No.1 Store,Contoso Bangkok No.1 Store,Store,2003-07-01,NULL,Current,,,
900,21701001,616,Central Federal District,Contoso Moscow  No.1 Store,Contoso Moscow  No.1 Store,Store,2003-07-01,NULL,Current,,,
901,31401001,617,Ahal Province,Contoso Ashgabat No.1 Store,Contoso Ashgabat No.1 Store,Store,2002-11-01,NULL,Current,,,
902,30801001,618,Islamabad Capital Territory,Contoso Islamabad No.1 Store,Contoso Islamabad No.1 Store,Store,2003-04-15,NULL,Current,,,
904,30604001,620,Kanto,Contoso Tokyo No.1 Store,Contoso Tokyo No.1 Store,Store,2003-07-01,NULL,Current,,,
905,30604002,620,Kanto,Contoso Tokyo No.2 Store,Contoso Tokyo No.2 Store,Store,2002-11-01,NULL,Current,,,
906,30604003,620,Kanto,Contoso Yokohama Store,Contoso Yokohama Store,Store,2003-04-15,NULL,Current,,,
907,30603001,626,Kansai,Contoso Osaka No.1 Store,Contoso Osaka No.1 Store,Store,2003-07-01,NULL,Current,,,
908,30601001,627,Chubu,Contoso Nagoya Store,Contoso Nagoya Store,Store,2003-07-01,NULL,Current,,,
909,30602001,625,Hokkaido,Contoso Sapporo Store,Contoso Sapporo Store,Store,2002-11-01,NULL,Current,,,
910,30603002,626,Kansai,Contoso Kyoto Store,Contoso Kyoto Store,Store,2003-04-15,NULL,Current,,,
911,31101001,628,Seoul,Contoso Seoul Store,Contoso Seoul Store,Store,2003-07-01,NULL,Current,,,
912,31102001,629,Busan,Contoso Busan Store,Contoso Busan Store,Store,2003-07-01,NULL,Current,,,
913,31301003,630,Chui Province,Contoso Bishkek Store,Contoso Bishkek Store,Store,2002-11-01,NULL,Current,,,
914,10201001,60,Ontario,Contoso Ottawa No.1 Store,Contoso Ottawa No.1 Store,Store,2002-11-01,NULL,Current,,,
915,10201002,60,Ontario,Contoso Ottawa No.2 Store,Contoso Ottawa No.2 Store,Store,2002-11-01,NULL,Current,,,
916,10201003,60,Ontario,Contoso Toronto No.1 Store,Contoso Toronto No.1 Store,Store,2002-11-01,NULL,Current,,,
917,10201004,60,Ontario,Contoso Toronto No.2 Store,Contoso Toronto No.2 Store,Store,2002-11-01,NULL,Current,,,
918,10201005,60,Ontario,Contoso Toronto No.3 Store,Contoso Toronto No.3 Store,Store,2002-11-01,NULL,Current,,,
919,10202001,61,Quebec,Contoso Montreal No.1 Store,Contoso Montreal No.1 Store,Store,2002-11-01,NULL,Current,,,
920,10202002,61,Quebec,Contoso Montreal No.2 Store,Contoso Montreal No.2 Store,Store,2002-11-01,NULL,Current,,,
921,10203001,62,British Columbia,Contoso Vancouver  No.1 Store,Contoso Vancouver  No.1 Store,Store,2002-11-01,NULL,Current,,,
922,10203002,62,British Columbia,Contoso Vancouver  No.2 Store,Contoso Vancouver  No.2 Store,Store,2002-11-01,NULL,Current,,,
923,10204001,63,Alberta,Contoso Calgary  Store,Contoso Calgary  Store,Store,2002-11-01,NULL,Current,,,
924,30201002,611,Thimphu District,Contoso Thimphu No.2 Store,Contoso Thimphu No.2 Store,Store,2003-07-01,NULL,Current,,,
925,30303002,612,Hong Kong,Contoso Hong Kong No.2 Store,Contoso Hong Kong No.2 Store,Store,2003-07-01,NULL,Current,,,
926,30501002,613,Tehran,Contoso Tehran No.2 Store,Contoso Tehran No.2 Store,Store,2003-07-01,NULL,Current,,,
927,31201002,614,Damascus,Contoso Damascus No.2 Store,Contoso Damascus No.2 Store,Store,2003-07-01,NULL,Current,,,
928,31301002,615,Bangkok,Contoso Bangkok No.2 Store,Contoso Bangkok No.2 Store,Store,2003-07-01,NULL,Current,,,
929,30901002,616,Central Federal District,Contoso Moscow  No.2 Store,Contoso Moscow  No.2 Store,Store,2003-07-01,NULL,Current,,,
930,31401002,617,Ahal Province,Contoso Ashgabat  No.2 Store,Contoso Ashgabat  No.2 Store,Store,2003-07-01,NULL,Current,,,
931,30801002,618,Islamabad Capital Territory,Contoso Islamabad  No.2 Store,Contoso Islamabad  No.2 Store,Store,2003-07-01,NULL,Current,,,
932,30102002,632,New South Wales,Contoso Sydney  No.2 Store,Contoso Sydney  No.2 Store,Store,2003-07-01,NULL,Current,,,
933,30603003,626,Kansai,Contoso Osaka No.2 Store,Contoso Osaka No.2 Store,Store,2003-07-01,NULL,Current,,,
934,10112019,33,Washington,Contoso Kennewick Store,Contoso Kennewick Store,Store,2003-07-01,NULL,Current,,,
935,30306001,940,Taiwan,Contoso Taipei  Store,Contoso Taipei  Store,Store,2003-07-01,NULL,Current,,,
936,21601001,938,Lisboa Region,Contoso Lisbon Store,Contoso Lisbon Store,Store,2003-07-01,NULL,Current,,,
937,315,3,Asia,Contoso Taiwan,Contoso Taiwan,Country/Region,2003-07-01,NULL,Current,,,
938,21601,939,Portugal,Contoso Lisboa Region,Contoso Lisboa Region,State,2003-07-01,NULL,Current,,,
939,216,2,Europe,Contoso Portugal,Contoso Portugal,Country/Region,2003-07-01,NULL,Current,,,
940,31501,937,Taiwan,Contoso Taiwan,Contoso Taiwan,State,2003-07-01,NULL,Current,,,
941,21702,27,Russia,Contoso Northwestern,Contoso Northwestern,State,2003-07-01,NULL,Current,,,
942,21702001,941,Northwestern,Contoso Saint Petersburg Store,Contoso Saint Petersburg Store,Store,2003-07-01,NULL,Current,,,
943,21703,27,Russia,Contoso Nizhny Novgorod Oblast,Contoso Nizhny Novgorod Oblast,State,2003-07-01,NULL,Current,,,
944,21703001,943,Nizhny Novgorod Oblast,Contoso Nizhny Novgorod Store,Contoso Nizhny Novgorod Store,Store,2003-07-01,NULL,Current,,,
945,20405,8,Germany,Contoso Europe Online Store,Contoso Europe Online Store,Store,2008-11-01,NULL,Current,,,
946,30306,23,China,Contoso Asia Online Store,Contoso Asia Online Store,Store,2008-11-01,NULL,Current,,,
947,10117,4,United States,Contoso North America Reseller,Contoso North America Reseller,Store,2009-11-01,NULL,Current,,,
948,20308,6,France,Contoso Europe Reseller,Contoso Europe Reseller,Store,2009-11-01,NULL,Current,,,
949,30307,23,China,Contoso Asia Reseller,Contoso Asia Reseller,Store,2009-11-01,NULL,Current,,,
